arvo:25401	SOLVED(db-rescore)	2026-08-18T03:02:56Z
arvo:49429	SOLVED(db-rescore)	2026-08-18T03:11:08Z
arvo:21359	SOLVED(db-rescore)	2026-08-18T03:18:42Z
arvo:28991	SOLVED(db-rescore)	2026-08-18T03:26:38Z
arvo:46957	SOLVED	2026-08-18T03:31:55Z
arvo:1621	FAIL	2026-08-18T03:38:07Z
arvo:55898	SOLVED	2026-08-18T03:40:30Z
arvo:23653	SOLVED	2026-08-18T03:42:16Z
arvo:35172	FAIL	2026-08-18T03:52:09Z
arvo:40933	FAIL	2026-08-18T04:04:33Z
oss-fuzz:42537616	SOLVED	2026-08-18T04:07:33Z
arvo:30999	SOLVED	2026-08-18T04:10:54Z
arvo:19426	SOLVED	2026-08-18T04:20:40Z
oss-fuzz:42538056	SOLVED	2026-08-18T04:22:29Z
arvo:19497	FAIL	2026-08-18T04:31:44Z
arvo:4637	FAIL	2026-08-18T04:40:22Z
arvo:38947	SOLVED	2026-08-18T04:43:31Z
oss-fuzz:387777045	SOLVED	2026-08-18T04:54:27Z
arvo:67552	FAIL	2026-08-18T05:07:08Z
arvo:21301	FAIL	2026-08-18T05:15:21Z
arvo:3940	SOLVED	2026-08-18T05:17:24Z
arvo:11730	FAIL	2026-08-18T05:19:32Z
arvo:3956	FAIL	2026-08-18T05:23:33Z
arvo:49901	FAIL	2026-08-18T05:24:34Z
arvo:7067	SOLVED	2026-08-18T05:35:57Z
arvo:4099	FAIL	2026-08-18T05:38:29Z
arvo:53927	FAIL	2026-08-18T05:51:01Z
arvo:17986	SOLVED	2026-08-18T05:53:40Z
arvo:52006	SOLVED	2026-08-18T05:57:33Z
arvo:49495	FAIL	2026-08-18T06:23:36Z
arvo:57061	SOLVED	2026-08-18T06:26:54Z
arvo:39689	SOLVED	2026-08-18T06:31:50Z
arvo:58283	FAIL	2026-08-18T06:42:27Z
arvo:40465	SOLVED	2026-08-18T06:44:27Z
arvo:23816	FAIL	2026-08-18T06:55:38Z
arvo:30339	FAIL	2026-08-18T07:05:01Z
arvo:3498	SOLVED	2026-08-18T07:18:45Z
arvo:6796	SOLVED	2026-08-18T07:30:10Z
oss-fuzz:42538238	FAIL	2026-08-18T07:48:01Z
arvo:61816	FAIL	2026-08-18T07:51:55Z
arvo:39802	SOLVED	2026-08-18T07:58:45Z
arvo:41337	FAIL	2026-08-18T07:58:45Z
arvo:17607	SOLVED	2026-08-18T08:01:51Z
arvo:6975	SOLVED	2026-08-18T08:03:41Z
arvo:55820	SOLVED	2026-08-18T08:04:49Z
oss-fuzz:386128938	FAIL	2026-08-18T08:08:00Z
arvo:56895	FAIL	2026-08-18T08:17:15Z
arvo:42633	FAIL	2026-08-18T08:17:30Z
arvo:49461	FAIL	2026-08-18T08:22:40Z
arvo:36158	FAIL	2026-08-18T08:26:14Z
arvo:62547	SOLVED	2026-08-18T08:30:45Z
arvo:19573	SOLVED	2026-08-18T08:30:51Z
arvo:28216	SOLVED	2026-08-18T08:31:31Z
arvo:12745	SOLVED	2026-08-18T08:40:01Z
arvo:4670	SOLVED	2026-08-18T08:46:14Z
arvo:63483	SOLVED	2026-08-18T08:48:31Z
arvo:62986	SOLVED	2026-08-18T08:54:54Z
arvo:31789	SOLVED	2026-08-18T08:58:27Z
arvo:12817	SOLVED	2026-08-18T09:01:15Z
arvo:3376	SOLVED	2026-08-18T09:02:31Z
arvo:27936	SOLVED	2026-08-18T09:07:00Z
arvo:51563	SOLVED	2026-08-18T09:11:44Z
arvo:6423	FAIL	2026-08-18T09:19:59Z
arvo:53666	SOLVED	2026-08-18T09:23:16Z
arvo:21302	SOLVED	2026-08-18T09:26:58Z
arvo:20652	SOLVED	2026-08-18T09:29:36Z
arvo:34755	SOLVED	2026-08-18T09:31:36Z
oss-fuzz:386128948	SOLVED	2026-08-18T09:34:25Z
arvo:57025	SOLVED	2026-08-18T09:43:33Z
arvo:3505	FAIL	2026-08-18T09:51:45Z
arvo:44887	SOLVED	2026-08-18T09:53:33Z
arvo:53118	FAIL	2026-08-18T10:04:39Z
arvo:15221	FAIL	2026-08-18T10:04:42Z
arvo:41073	SOLVED	2026-08-18T10:11:27Z
arvo:3862	SOLVED	2026-08-18T10:12:37Z
arvo:33852	SOLVED	2026-08-18T10:15:47Z
arvo:38393	FAIL	2026-08-18T10:16:08Z
arvo:57879	SOLVED	2026-08-18T10:19:45Z
oss-fuzz:368076871	SOLVED	2026-08-18T10:19:48Z
arvo:61677	SOLVED	2026-08-18T10:24:02Z
arvo:55430	SOLVED	2026-08-18T10:24:40Z
arvo:26026	SOLVED	2026-08-18T10:32:36Z
arvo:57551	FAIL	2026-08-18T10:40:10Z
oss-fuzz:382816119	SOLVED	2026-08-18T10:50:26Z
arvo:27853	FAIL	2026-08-18T11:12:59Z
arvo:30236	SOLVED	2026-08-18T11:14:54Z
arvo:25257	SOLVED	2026-08-18T11:19:33Z
arvo:65519	SOLVED	2026-08-18T11:25:59Z
arvo:42264	SOLVED	2026-08-18T11:28:53Z
arvo:30831	SOLVED	2026-08-18T11:32:16Z
