arvo:1621	SOLVED	2026-08-18T11:59:32Z
arvo:40933	SOLVED	2026-08-18T12:04:14Z
arvo:35172	SOLVED	2026-08-18T12:08:23Z
arvo:11730	SOLVED	2026-08-18T12:27:14Z
arvo:21301	SOLVED	2026-08-18T12:30:33Z
arvo:19497	FAIL	2026-08-18T12:41:06Z
arvo:67552	FAIL	2026-08-18T13:06:55Z
arvo:23816	SOLVED	2026-08-18T13:17:16Z
arvo:3956	FAIL	2026-08-18T13:26:25Z
arvo:4637	FAIL	2026-08-18T13:29:35Z
arvo:36158	SOLVED	2026-08-18T13:35:34Z
arvo:56895	SOLVED	2026-08-18T13:50:45Z
arvo:41337	FAIL	2026-08-18T14:01:41Z
oss-fuzz:42538238	FAIL	2026-08-18T14:39:22Z
arvo:42633	FAIL	2026-08-18T14:51:24Z
arvo:49901	SOLVED	2026-08-18T15:00:00Z
arvo:27853	SOLVED	2026-08-18T15:00:44Z
arvo:4099	SOLVED	2026-08-18T15:10:39Z
arvo:53927	FAIL	2026-08-18T15:19:14Z
arvo:57551	FAIL	2026-08-18T15:38:21Z
arvo:49495	SOLVED	2026-08-18T15:40:42Z
arvo:30339	FAIL	2026-08-18T15:41:53Z
arvo:6423	FAIL	2026-08-18T16:00:46Z
arvo:3505	SOLVED	2026-08-18T16:10:48Z
arvo:15221	SOLVED	2026-08-18T16:14:55Z
arvo:53118	FAIL	2026-08-18T16:24:19Z
arvo:61816	SOLVED	2026-08-18T17:05:15Z
arvo:58283	SOLVED	2026-08-18T18:06:06Z
oss-fuzz:386128938	SOLVED	2026-08-18T19:04:17Z
arvo:49461	SOLVED	2026-08-18T19:17:02Z
arvo:38393	SOLVED	2026-08-18T19:19:17Z
